{"cameraMode":{"drawMode":0,"name":"Shaded","section":"Shading Mode"},"sceneLighting":true,"audioPlay":false,"sceneViewState":{"showFog":true,"showMaterialUpdate":false,"showSkybox":true,"showFlares":true,"showImageEffects":true,"showParticleSystems":true,"showVisualEffectGraphs":true,"m_FxEnabled":true},"in2DMode":false,"pivot":{"x":0.8691623210906982,"y":5.267411231994629,"z":-2.4973952770233156},"rotation":{"x":0.00899922102689743,"y":0.011999178677797318,"z":-0.00010799670417327434,"w":0.9998871088027954},"size":12.12435531616211,"orthographic":false}